20-09-12-15-54-30,A0:CF:5B:3F:69:30,30/70,-80,Unifi
20-09-12-15-54-30,38:ED:18:D0:EF:6F,27/70,-83,Unifi
20-09-12-15-54-30,10:BD:18:F0:C8:AF,26/70,-84,Unifi
20-09-12-15-54-52,38:ED:18:D0:EF:6F,27/70,-83,Unifi
20-09-12-15-54-52,10:BD:18:F0:C8:AF,28/70,-82,Unifi
20-09-12-15-54-52,10:BD:18:C7:27:50,23/70,-87,Unifi
20-09-12-15-54-52,10:BD:18:C7:27:5F,25/70,-85,Unifi
20-09-12-15-54-52,70:DF:2F:9C:47:4F,29/70,-81,Unifi
20-09-12-15-54-52,38:ED:18:D0:EF:60,28/70,-82,Unifi
20-09-12-15-55-03,10:BD:18:F0:C8:AF,28/70,-82,Unifi
20-09-12-15-55-03,10:BD:18:C7:27:50,23/70,-87,Unifi
20-09-12-15-55-03,10:BD:18:C7:27:5F,25/70,-85,Unifi
20-09-12-15-55-03,70:DF:2F:9C:47:4F,28/70,-82,Unifi
20-09-12-15-55-03,38:ED:18:D0:EF:60,28/70,-82,Unifi
20-09-12-15-55-03,A0:CF:5B:3E:17:50,29/70,-81,Unifi
20-09-12-15-55-03,10:BD:18:F0:CA:BF,27/70,-83,Unifi
20-09-12-15-55-16,10:BD:18:C7:27:50,45/70,-65,Unifi
20-09-12-15-55-16,10:BD:18:C7:27:5F,35/70,-75,Unifi
20-09-12-15-55-16,70:DF:2F:9C:47:4F,23/70,-87,Unifi
20-09-12-15-55-16,A0:CF:5B:3E:17:50,42/70,-68,Unifi
20-09-12-15-55-16,10:BD:18:F0:CA:BF,32/70,-78,Unifi
20-09-12-15-55-16,10:BD:18:F0:CA:B0,32/70,-78,Unifi
20-09-12-15-55-16,10:BD:18:C7:29:EF,29/70,-81,Unifi
20-09-12-15-55-16,A0:CF:5B:3D:83:7F,29/70,-81,Unifi
20-09-12-15-55-27,10:BD:18:C7:27:50,34/70,-76,Unifi
20-09-12-15-55-27,10:BD:18:C7:27:5F,33/70,-77,Unifi
20-09-12-15-55-27,A0:CF:5B:3E:17:50,34/70,-76,Unifi
20-09-12-15-55-27,10:BD:18:F0:CA:BF,28/70,-82,Unifi
20-09-12-15-55-27,10:BD:18:F0:CA:B0,28/70,-82,Unifi
20-09-12-15-55-27,10:BD:18:C7:29:EF,31/70,-79,Unifi
20-09-12-15-55-27,A0:CF:5B:3D:83:7F,29/70,-81,Unifi
20-09-12-15-55-27,10:BD:18:F0:C8:AF,27/70,-83,Unifi
20-09-12-15-55-27,5C:50:15:E7:EA:30,25/70,-85,Unifi
20-09-12-15-55-39,10:BD:18:C7:27:50,28/70,-82,Unifi
20-09-12-15-55-39,10:BD:18:C7:27:5F,31/70,-79,Unifi
20-09-12-15-55-39,A0:CF:5B:3E:17:50,34/70,-76,Unifi
20-09-12-15-55-39,10:BD:18:F0:CA:BF,28/70,-82,Unifi
20-09-12-15-55-39,10:BD:18:F0:CA:B0,28/70,-82,Unifi
20-09-12-15-55-39,10:BD:18:C7:29:EF,31/70,-79,Unifi
20-09-12-15-55-39,A0:CF:5B:3D:83:7F,29/70,-81,Unifi
20-09-12-15-55-39,10:BD:18:F0:C8:AF,27/70,-83,Unifi
20-09-12-15-55-39,5C:50:15:E7:EA:30,25/70,-85,Unifi
20-09-12-15-55-57,10:BD:18:C7:27:50,28/70,-82,Unifi
20-09-12-15-55-57,10:BD:18:C7:27:5F,25/70,-85,Unifi
20-09-12-15-55-57,A0:CF:5B:3E:17:50,26/70,-84,Unifi
20-09-12-15-55-57,A0:CF:5B:3D:83:7F,29/70,-81,Unifi
20-09-12-15-55-57,A0:CF:5B:3D:83:70,33/70,-77,Unifi
20-09-12-15-55-57,1C:E6:C7:3F:91:4F,24/70,-86,Unifi
20-09-12-15-55-57,70:DF:2F:9C:47:4F,26/70,-84,Unifi
20-09-12-15-56-06,10:BD:18:C7:27:5F,25/70,-85,Unifi
20-09-12-15-56-06,A0:CF:5B:3E:17:50,26/70,-84,Unifi
20-09-12-15-56-06,A0:CF:5B:3D:83:7F,25/70,-85,Unifi
20-09-12-15-56-06,A0:CF:5B:3D:83:70,37/70,-73,Unifi
20-09-12-15-56-06,1C:E6:C7:3F:91:4F,24/70,-86,Unifi
20-09-12-15-56-06,70:DF:2F:9C:47:4F,27/70,-83,Unifi
20-09-12-15-56-06,5C:50:15:E7:EA:30,35/70,-75,Unifi
20-09-12-15-56-18,10:BD:18:C7:27:5F,25/70,-85,Unifi
20-09-12-15-56-18,A0:CF:5B:3E:17:50,30/70,-80,Unifi
20-09-12-15-56-18,A0:CF:5B:3D:83:7F,25/70,-85,Unifi
20-09-12-15-56-18,A0:CF:5B:3D:83:70,37/70,-73,Unifi
20-09-12-15-56-18,70:DF:2F:9C:47:4F,24/70,-86,Unifi
20-09-12-15-56-18,5C:50:15:E7:EA:30,35/70,-75,Unifi
20-09-12-15-56-33,A0:CF:5B:3E:17:50,30/70,-80,Unifi
20-09-12-15-56-33,A0:CF:5B:3D:83:7F,28/70,-82,Unifi
20-09-12-15-56-33,A0:CF:5B:3D:83:70,34/70,-76,Unifi
20-09-12-15-56-33,70:DF:2F:9C:47:4F,24/70,-86,Unifi
20-09-12-15-56-33,5C:50:15:E7:EA:30,35/70,-75,Unifi
20-09-12-15-56-33,5C:50:15:E7:EA:3F,26/70,-84,Unifi
20-09-12-15-56-33,A0:CF:5B:3D:7F:D0,34/70,-76,Unifi
20-09-12-15-56-45,A0:CF:5B:3E:17:50,30/70,-80,Unifi
20-09-12-15-56-45,A0:CF:5B:3D:83:7F,28/70,-82,Unifi
20-09-12-15-56-45,A0:CF:5B:3D:83:70,37/70,-73,Unifi
20-09-12-15-56-45,70:DF:2F:9C:47:4F,27/70,-83,Unifi
20-09-12-15-56-45,5C:50:15:E7:EA:3F,26/70,-84,Unifi
20-09-12-15-56-45,A0:CF:5B:3D:7F:D0,35/70,-75,Unifi
20-09-12-15-56-45,10:BD:18:F0:C8:A0,39/70,-71,Unifi
20-09-12-15-57-10,A0:CF:5B:3D:7F:D0,35/70,-75,Unifi
20-09-12-15-57-10,10:BD:18:F0:C8:A0,26/70,-84,Unifi
20-09-12-15-57-10,10:BD:18:C7:29:E0,27/70,-83,Unifi
20-09-12-15-57-10,A0:CF:5B:3E:17:50,30/70,-80,Unifi
20-09-12-15-57-10,38:ED:18:D0:EF:60,32/70,-78,Unifi
20-09-12-15-57-10,A0:CF:5B:3E:17:5F,29/70,-81,Unifi
20-09-12-15-57-10,10:BD:18:F0:CA:BF,37/70,-73,Unifi
20-09-12-15-57-10,A0:CF:5B:3F:69:30,26/70,-84,Unifi
20-09-12-15-57-10,A0:CF:5B:3D:5F:90,28/70,-82,Unifi
20-09-12-15-57-10,A0:CF:5B:3D:83:70,26/70,-84,Unifi
20-09-12-15-57-39,10:BD:18:F0:C8:A0,31/70,-79,Unifi
20-09-12-15-57-39,10:BD:18:F0:CA:BF,41/70,-69,Unifi
20-09-12-15-57-39,A0:CF:5B:3D:5F:90,30/70,-80,Unifi
20-09-12-15-57-39,10:BD:18:C7:29:E0,34/70,-76,Unifi
20-09-12-15-57-39,38:ED:18:D0:EF:60,26/70,-84,Unifi
20-09-12-15-57-39,10:BD:18:F0:CA:B0,30/70,-80,Unifi
20-09-12-15-57-49,10:BD:18:F0:C8:A0,31/70,-79,Unifi
20-09-12-15-57-49,10:BD:18:F0:CA:BF,37/70,-73,Unifi
20-09-12-15-57-49,A0:CF:5B:3D:5F:90,36/70,-74,Unifi
20-09-12-15-57-49,10:BD:18:C7:29:E0,34/70,-76,Unifi
20-09-12-15-57-49,38:ED:18:D0:EF:60,26/70,-84,Unifi
20-09-12-15-57-49,10:BD:18:F0:CA:B0,33/70,-77,Unifi
20-09-12-15-57-49,A0:CF:5B:3E:17:50,42/70,-68,Unifi
20-09-12-15-57-49,A0:CF:5B:3F:69:30,33/70,-77,Unifi
20-09-12-15-57-49,10:BD:18:C7:27:50,33/70,-77,Unifi
20-09-12-15-57-49,10:BD:18:C7:27:5F,27/70,-83,Unifi
20-09-12-15-58-03,10:BD:18:F0:CA:BF,39/70,-71,Unifi
20-09-12-15-58-03,A0:CF:5B:3D:5F:90,38/70,-72,Unifi
20-09-12-15-58-03,10:BD:18:C7:29:E0,35/70,-75,Unifi
20-09-12-15-58-03,38:ED:18:D0:EF:60,32/70,-78,Unifi
20-09-12-15-58-03,10:BD:18:F0:CA:B0,32/70,-78,Unifi
20-09-12-15-58-03,A0:CF:5B:3E:17:50,42/70,-68,Unifi
20-09-12-15-58-03,A0:CF:5B:3F:69:30,37/70,-73,Unifi
20-09-12-15-58-03,10:BD:18:C7:27:50,33/70,-77,Unifi
20-09-12-15-58-03,10:BD:18:C7:27:5F,34/70,-76,Unifi
20-09-12-15-58-15,10:BD:18:F0:CA:BF,33/70,-77,Unifi
20-09-12-15-58-15,A0:CF:5B:3D:5F:90,37/70,-73,Unifi
20-09-12-15-58-15,10:BD:18:C7:29:E0,35/70,-75,Unifi
20-09-12-15-58-15,38:ED:18:D0:EF:60,32/70,-78,Unifi
20-09-12-15-58-15,10:BD:18:F0:CA:B0,32/70,-78,Unifi
20-09-12-15-58-15,A0:CF:5B:3E:17:50,42/70,-68,Unifi
20-09-12-15-58-15,A0:CF:5B:3F:69:30,37/70,-73,Unifi
20-09-12-15-58-15,10:BD:18:C7:27:50,38/70,-72,Unifi
20-09-12-15-58-15,10:BD:18:C7:27:5F,32/70,-78,Unifi
20-09-12-15-58-15,A0:CF:5B:3D:5F:9F,32/70,-78,Unifi
20-09-12-15-58-27,10:BD:18:F0:CA:BF,41/70,-69,Unifi
20-09-12-15-58-27,A0:CF:5B:3D:5F:90,45/70,-65,Unifi
20-09-12-15-58-27,10:BD:18:C7:29:E0,35/70,-75,Unifi
20-09-12-15-58-27,38:ED:18:D0:EF:60,32/70,-78,Unifi
20-09-12-15-58-27,10:BD:18:F0:CA:B0,32/70,-78,Unifi
20-09-12-15-58-27,A0:CF:5B:3F:69:30,37/70,-73,Unifi
20-09-12-15-58-27,10:BD:18:C7:27:50,38/70,-72,Unifi
20-09-12-15-58-27,10:BD:18:C7:27:5F,32/70,-78,Unifi
20-09-12-15-58-27,A0:CF:5B:3D:5F:9F,32/70,-78,Unifi
20-09-12-15-58-27,A0:CF:5B:3D:7F:90,29/70,-81,Unifi
20-09-12-15-58-37,10:BD:18:F0:CA:BF,38/70,-72,Unifi
20-09-12-15-58-37,A0:CF:5B:3D:5F:90,40/70,-70,Unifi
20-09-12-15-58-37,10:BD:18:C7:27:50,35/70,-75,Unifi
20-09-12-15-58-37,10:BD:18:C7:27:5F,30/70,-80,Unifi
20-09-12-15-58-37,A0:CF:5B:3D:5F:9F,32/70,-78,Unifi
20-09-12-15-58-37,A0:CF:5B:3D:7F:90,26/70,-84,Unifi
20-09-12-15-58-37,10:BD:18:C7:29:E0,28/70,-82,Unifi
20-09-12-15-58-37,10:BD:18:F0:CA:B0,44/70,-66,Unifi
20-09-12-15-58-37,A0:CF:5B:3F:69:30,36/70,-74,Unifi
20-09-12-15-58-37,38:ED:18:D0:EF:60,31/70,-79,Unifi
20-09-12-15-58-37,10:BD:18:C7:29:EF,29/70,-81,Unifi
20-09-12-15-58-37,28:6F:7F:90:B2:6F,24/70,-86,Unifi
20-09-12-15-58-47,10:BD:18:F0:CA:BF,40/70,-70,Unifi
20-09-12-15-58-47,A0:CF:5B:3D:5F:90,39/70,-71,Unifi
20-09-12-15-58-47,10:BD:18:C7:27:50,34/70,-76,Unifi
20-09-12-15-58-47,10:BD:18:C7:27:5F,30/70,-80,Unifi
20-09-12-15-58-47,A0:CF:5B:3D:7F:90,26/70,-84,Unifi
20-09-12-15-58-47,10:BD:18:C7:29:E0,28/70,-82,Unifi
20-09-12-15-58-47,10:BD:18:F0:CA:B0,38/70,-72,Unifi
20-09-12-15-58-47,A0:CF:5B:3F:69:30,32/70,-78,Unifi
20-09-12-15-58-47,38:ED:18:D0:EF:60,34/70,-76,Unifi
20-09-12-15-58-47,10:BD:18:C7:29:EF,29/70,-81,Unifi
20-09-12-15-58-47,28:6F:7F:90:B2:6F,24/70,-86,Unifi
20-09-12-15-58-47,40:CE:24:C4:DB:20,29/70,-81,Unifi
20-09-12-15-58-57,10:BD:18:F0:CA:BF,40/70,-70,Unifi
20-09-12-15-58-57,A0:CF:5B:3D:5F:90,39/70,-71,Unifi
20-09-12-15-58-57,10:BD:18:C7:27:50,34/70,-76,Unifi
20-09-12-15-58-57,10:BD:18:C7:27:5F,30/70,-80,Unifi
20-09-12-15-58-57,A0:CF:5B:3D:7F:90,36/70,-74,Unifi
20-09-12-15-58-57,10:BD:18:C7:29:E0,28/70,-82,Unifi
20-09-12-15-58-57,10:BD:18:F0:CA:B0,38/70,-72,Unifi
20-09-12-15-58-57,A0:CF:5B:3F:69:30,32/70,-78,Unifi
20-09-12-15-58-57,38:ED:18:D0:EF:60,34/70,-76,Unifi
20-09-12-15-58-57,10:BD:18:C7:29:EF,29/70,-81,Unifi
20-09-12-15-58-57,28:6F:7F:90:B2:6F,24/70,-86,Unifi
20-09-12-15-58-57,40:CE:24:C4:DB:20,29/70,-81,Unifi
20-09-12-15-59-07,10:BD:18:F0:CA:BF,40/70,-70,Unifi
20-09-12-15-59-07,A0:CF:5B:3D:5F:90,36/70,-74,Unifi
20-09-12-15-59-07,10:BD:18:C7:27:50,34/70,-76,Unifi
20-09-12-15-59-07,10:BD:18:C7:27:5F,30/70,-80,Unifi
20-09-12-15-59-07,A0:CF:5B:3D:7F:90,36/70,-74,Unifi
20-09-12-15-59-07,10:BD:18:F0:CA:B0,38/70,-72,Unifi
20-09-12-15-59-07,A0:CF:5B:3F:69:30,35/70,-75,Unifi
20-09-12-15-59-07,38:ED:18:D0:EF:60,34/70,-76,Unifi
20-09-12-15-59-07,40:CE:24:C4:DB:20,29/70,-81,Unifi
20-09-12-15-59-07,A0:CF:5B:3F:69:3F,29/70,-81,Unifi
20-09-12-15-59-16,A0:CF:5B:3D:5F:90,29/70,-81,Unifi
20-09-12-15-59-16,A0:CF:5B:3D:7F:90,36/70,-74,Unifi
20-09-12-15-59-16,A0:CF:5B:3F:69:30,39/70,-71,Unifi
20-09-12-15-59-16,A0:CF:5B:3F:69:3F,29/70,-81,Unifi
20-09-12-15-59-37,A0:CF:5B:3D:5F:90,29/70,-81,Unifi
20-09-12-15-59-37,A0:CF:5B:3F:69:30,29/70,-81,Unifi
20-09-12-15-59-37,A0:CF:5B:3D:7F:DF,28/70,-82,Unifi
20-09-12-15-59-49,A0:CF:5B:3F:69:30,30/70,-80,Unifi
20-09-12-15-59-49,A0:CF:5B:3D:7F:DF,28/70,-82,Unifi
20-09-12-15-59-49,70:DF:2F:9C:47:40,29/70,-81,Unifi
20-09-12-15-59-49,A0:CF:5B:3D:7F:D0,36/70,-74,Unifi
20-09-12-15-59-49,38:ED:18:D0:EF:60,32/70,-78,Unifi
20-09-12-15-59-49,10:BD:18:F0:C8:AF,25/70,-85,Unifi
20-09-12-15-59-49,10:BD:18:C7:27:50,26/70,-84,Unifi
20-09-12-15-59-59,A0:CF:5B:3F:69:30,30/70,-80,Unifi
20-09-12-15-59-59,A0:CF:5B:3D:7F:DF,28/70,-82,Unifi
20-09-12-15-59-59,70:DF:2F:9C:47:40,29/70,-81,Unifi
20-09-12-15-59-59,A0:CF:5B:3D:7F:D0,36/70,-74,Unifi
20-09-12-15-59-59,38:ED:18:D0:EF:60,32/70,-78,Unifi
20-09-12-15-59-59,10:BD:18:F0:C8:AF,33/70,-77,Unifi
20-09-12-15-59-59,10:BD:18:C7:27:50,26/70,-84,Unifi
20-09-12-15-59-59,10:BD:18:F0:CA:B0,30/70,-80,Unifi
20-09-12-15-59-59,10:BD:18:F0:CA:BF,30/70,-80,Unifi
20-09-12-15-59-59,10:BD:18:C7:27:5F,33/70,-77,Unifi
20-09-12-16-00-08,A0:CF:5B:3F:69:30,30/70,-80,Unifi
20-09-12-16-00-08,70:DF:2F:9C:47:40,29/70,-81,Unifi
20-09-12-16-00-08,A0:CF:5B:3D:7F:D0,36/70,-74,Unifi
20-09-12-16-00-08,38:ED:18:D0:EF:60,32/70,-78,Unifi
20-09-12-16-00-08,10:BD:18:F0:C8:AF,26/70,-84,Unifi
20-09-12-16-00-08,10:BD:18:C7:27:50,26/70,-84,Unifi
20-09-12-16-00-08,10:BD:18:F0:CA:B0,30/70,-80,Unifi
20-09-12-16-00-08,10:BD:18:F0:CA:BF,30/70,-80,Unifi
20-09-12-16-00-08,10:BD:18:C7:27:5F,33/70,-77,Unifi
20-09-12-16-00-08,A0:CF:5B:3E:17:50,34/70,-76,Unifi
20-09-12-16-00-08,10:BD:18:C7:29:E0,24/70,-86,Unifi
20-09-12-16-00-23,10:BD:18:F0:C8:AF,26/70,-84,Unifi
20-09-12-16-00-23,10:BD:18:C7:27:50,31/70,-79,Unifi
20-09-12-16-00-23,10:BD:18:F0:CA:B0,30/70,-80,Unifi
20-09-12-16-00-23,10:BD:18:F0:CA:BF,27/70,-83,Unifi
20-09-12-16-00-23,10:BD:18:C7:27:5F,31/70,-79,Unifi
20-09-12-16-00-23,A0:CF:5B:3E:17:50,34/70,-76,Unifi
20-09-12-16-00-23,10:BD:18:C7:29:E0,24/70,-86,Unifi
20-09-12-16-00-23,A0:CF:5B:3D:83:70,28/70,-82,Unifi
20-09-12-16-00-23,70:DF:2F:9C:47:4F,29/70,-81,Unifi
20-09-12-16-00-23,10:BD:18:C7:29:EF,23/70,-87,Unifi
20-09-12-16-00-34,10:BD:18:F0:C8:AF,22/70,-88,Unifi
20-09-12-16-00-34,10:BD:18:C7:27:50,31/70,-79,Unifi
20-09-12-16-00-34,10:BD:18:F0:CA:BF,27/70,-83,Unifi
20-09-12-16-00-34,10:BD:18:C7:27:5F,28/70,-82,Unifi
20-09-12-16-00-34,A0:CF:5B:3E:17:50,41/70,-69,Unifi
20-09-12-16-00-34,10:BD:18:C7:29:E0,24/70,-86,Unifi
20-09-12-16-00-34,A0:CF:5B:3D:83:70,28/70,-82,Unifi
20-09-12-16-00-34,70:DF:2F:9C:47:4F,31/70,-79,Unifi
20-09-12-16-00-34,10:BD:18:C7:29:EF,30/70,-80,Unifi
20-09-12-16-00-34,A0:CF:5B:3E:17:5F,28/70,-82,Unifi
20-09-12-16-00-53,10:BD:18:F0:C8:AF,25/70,-85,Unifi
20-09-12-16-00-53,10:BD:18:C7:27:5F,28/70,-82,Unifi
20-09-12-16-00-53,A0:CF:5B:3E:17:50,41/70,-69,Unifi
20-09-12-16-00-53,70:DF:2F:9C:47:4F,26/70,-84,Unifi
20-09-12-16-00-53,10:BD:18:C7:29:EF,30/70,-80,Unifi
20-09-12-16-00-53,A0:CF:5B:3E:17:5F,28/70,-82,Unifi
20-09-12-16-00-53,10:BD:18:F0:C8:A0,38/70,-72,Unifi
20-09-12-16-00-53,A0:CF:5B:3D:83:7F,28/70,-82,Unifi
20-09-12-16-00-53,A0:CF:5B:3D:83:70,34/70,-76,Unifi
20-09-12-16-01-07,10:BD:18:F0:C8:AF,25/70,-85,Unifi
20-09-12-16-01-07,A0:CF:5B:3E:17:50,30/70,-80,Unifi
20-09-12-16-01-07,70:DF:2F:9C:47:4F,26/70,-84,Unifi
20-09-12-16-01-07,10:BD:18:F0:C8:A0,35/70,-75,Unifi
20-09-12-16-01-07,A0:CF:5B:3D:83:7F,28/70,-82,Unifi
20-09-12-16-01-07,A0:CF:5B:3D:83:70,34/70,-76,Unifi
20-09-12-16-01-16,10:BD:18:F0:C8:AF,25/70,-85,Unifi
20-09-12-16-01-16,A0:CF:5B:3E:17:50,28/70,-82,Unifi
20-09-12-16-01-16,70:DF:2F:9C:47:4F,34/70,-76,Unifi
20-09-12-16-01-16,10:BD:18:F0:C8:A0,35/70,-75,Unifi
20-09-12-16-01-16,A0:CF:5B:3D:83:7F,28/70,-82,Unifi
20-09-12-16-01-16,A0:CF:5B:3D:83:70,34/70,-76,Unifi
20-09-12-16-01-53,A0:CF:5B:3E:17:50,28/70,-82,Unifi
20-09-12-16-01-53,10:BD:18:F0:C8:A0,35/70,-75,Unifi
20-09-12-16-01-53,70:DF:2F:9C:47:40,28/70,-82,Unifi
20-09-12-16-01-53,A0:CF:5B:3D:83:70,31/70,-79,Unifi
20-09-12-16-01-53,A0:CF:5B:3D:7F:90,30/70,-80,Unifi
20-09-12-16-01-53,10:BD:18:F0:CA:BF,29/70,-81,Unifi
20-09-12-16-01-53,A0:CF:5B:3D:83:7F,24/70,-86,Unifi
20-09-12-16-02-04,10:BD:18:F0:C8:A0,42/70,-68,Unifi
20-09-12-16-02-04,A0:CF:5B:3D:7F:90,30/70,-80,Unifi
20-09-12-16-02-04,10:BD:18:F0:CA:BF,29/70,-81,Unifi
20-09-12-16-02-04,A0:CF:5B:3D:83:7F,30/70,-80,Unifi
20-09-12-16-02-04,10:BD:18:F0:C8:AF,39/70,-71,Unifi
20-09-12-16-02-04,A0:CF:5B:3F:69:3F,25/70,-85,Unifi
20-09-12-16-02-25,10:BD:18:F0:C8:A0,33/70,-77,Unifi
20-09-12-16-02-25,A0:CF:5B:3D:7F:90,26/70,-84,Unifi
20-09-12-16-02-25,10:BD:18:F0:CA:BF,34/70,-76,Unifi
20-09-12-16-02-25,A0:CF:5B:3D:83:7F,30/70,-80,Unifi
20-09-12-16-02-25,10:BD:18:F0:C8:AF,39/70,-71,Unifi
20-09-12-16-02-25,A0:CF:5B:3F:69:3F,25/70,-85,Unifi
20-09-12-16-02-25,A0:CF:5B:3F:69:30,33/70,-77,Unifi
20-09-12-16-02-25,A0:CF:5B:3D:5F:90,28/70,-82,Unifi
20-09-12-16-02-40,10:BD:18:F0:C8:A0,33/70,-77,Unifi
20-09-12-16-02-40,10:BD:18:F0:CA:BF,34/70,-76,Unifi
20-09-12-16-02-40,A0:CF:5B:3D:5F:90,43/70,-67,Unifi
20-09-12-16-02-40,38:ED:18:D0:EF:60,34/70,-76,Unifi
20-09-12-16-02-40,70:DF:2F:9C:47:4F,28/70,-82,Unifi
20-09-12-16-02-54,A0:CF:5B:3D:5F:90,44/70,-66,Unifi
20-09-12-16-02-54,38:ED:18:D0:EF:60,31/70,-79,Unifi
20-09-12-16-02-54,70:DF:2F:9C:47:4F,26/70,-84,Unifi
20-09-12-16-02-54,A0:CF:5B:3E:17:50,28/70,-82,Unifi
20-09-12-16-02-54,A0:CF:5B:3D:7F:D0,27/70,-83,Unifi
20-09-12-16-02-54,10:BD:18:F0:CA:B0,38/70,-72,Unifi
20-09-12-16-02-54,10:BD:18:C7:29:EF,30/70,-80,Unifi
20-09-12-16-02-54,10:BD:18:F0:CA:BF,29/70,-81,Unifi
20-09-12-16-02-54,10:BD:18:F0:C8:AF,34/70,-76,Unifi
20-09-12-16-02-54,A0:CF:5B:3D:83:7F,31/70,-79,Unifi
20-09-12-16-03-06,A0:CF:5B:3D:5F:90,43/70,-67,Unifi
20-09-12-16-03-06,38:ED:18:D0:EF:60,26/70,-84,Unifi
20-09-12-16-03-06,70:DF:2F:9C:47:4F,26/70,-84,Unifi
20-09-12-16-03-06,A0:CF:5B:3E:17:50,28/70,-82,Unifi
20-09-12-16-03-06,A0:CF:5B:3D:7F:D0,27/70,-83,Unifi
20-09-12-16-03-06,10:BD:18:F0:CA:B0,38/70,-72,Unifi
20-09-12-16-03-06,10:BD:18:C7:29:EF,30/70,-80,Unifi
20-09-12-16-03-06,10:BD:18:F0:CA:BF,29/70,-81,Unifi
20-09-12-16-03-06,10:BD:18:F0:C8:AF,34/70,-76,Unifi
20-09-12-16-03-06,A0:CF:5B:3D:83:7F,31/70,-79,Unifi
20-09-12-16-03-06,10:BD:18:C7:29:E0,33/70,-77,Unifi
20-09-12-16-03-23,A0:CF:5B:3D:5F:90,37/70,-73,Unifi
20-09-12-16-03-23,38:ED:18:D0:EF:60,28/70,-82,Unifi
20-09-12-16-03-23,70:DF:2F:9C:47:4F,26/70,-84,Unifi
20-09-12-16-03-23,10:BD:18:F0:C8:AF,34/70,-76,Unifi
20-09-12-16-03-23,A0:CF:5B:3D:83:7F,31/70,-79,Unifi
20-09-12-16-03-23,10:BD:18:C7:29:E0,27/70,-83,Unifi
20-09-12-16-03-23,A0:CF:5B:3E:17:50,34/70,-76,Unifi
20-09-12-16-03-23,A0:CF:5B:3F:69:30,29/70,-81,Unifi
20-09-12-16-03-23,10:BD:18:C7:27:50,34/70,-76,Unifi
20-09-12-16-03-23,5C:50:15:E7:EA:3F,26/70,-84,Unifi
20-09-12-16-03-23,10:BD:18:F0:CA:B0,34/70,-76,Unifi
20-09-12-16-03-23,10:BD:18:C7:27:5F,29/70,-81,Unifi
20-09-12-16-03-39,A0:CF:5B:3D:5F:90,34/70,-76,Unifi
20-09-12-16-03-39,38:ED:18:D0:EF:60,28/70,-82,Unifi
20-09-12-16-03-39,10:BD:18:C7:29:E0,27/70,-83,Unifi
20-09-12-16-03-39,A0:CF:5B:3E:17:50,34/70,-76,Unifi
20-09-12-16-03-39,A0:CF:5B:3F:69:30,33/70,-77,Unifi
20-09-12-16-03-39,10:BD:18:C7:27:50,45/70,-65,Unifi
20-09-12-16-03-39,5C:50:15:E7:EA:3F,26/70,-84,Unifi
20-09-12-16-03-39,10:BD:18:F0:CA:B0,36/70,-74,Unifi
20-09-12-16-03-39,10:BD:18:C7:27:5F,29/70,-81,Unifi
20-09-12-16-03-39,10:BD:18:F0:CA:BF,33/70,-77,Unifi
20-09-12-16-03-39,A0:CF:5B:3F:88:EF,29/70,-81,Unifi
20-09-12-16-03-39,10:BD:18:F0:C8:AF,37/70,-73,Unifi
20-09-12-16-03-39,A0:CF:5B:3D:83:7F,36/70,-74,Unifi
20-09-12-16-03-48,A0:CF:5B:3D:5F:90,36/70,-74,Unifi
20-09-12-16-03-48,38:ED:18:D0:EF:60,28/70,-82,Unifi
20-09-12-16-03-48,10:BD:18:C7:29:E0,27/70,-83,Unifi
20-09-12-16-03-48,A0:CF:5B:3E:17:50,34/70,-76,Unifi
20-09-12-16-03-48,A0:CF:5B:3F:69:30,33/70,-77,Unifi
20-09-12-16-03-48,10:BD:18:C7:27:50,36/70,-74,Unifi
20-09-12-16-03-48,10:BD:18:F0:CA:B0,35/70,-75,Unifi
20-09-12-16-03-48,10:BD:18:C7:27:5F,29/70,-81,Unifi
20-09-12-16-03-48,10:BD:18:F0:CA:BF,33/70,-77,Unifi
20-09-12-16-03-48,A0:CF:5B:3F:88:EF,29/70,-81,Unifi
20-09-12-16-03-48,10:BD:18:F0:C8:AF,37/70,-73,Unifi
20-09-12-16-03-48,A0:CF:5B:3D:83:7F,36/70,-74,Unifi
20-09-12-16-04-01,A0:CF:5B:3D:5F:90,37/70,-73,Unifi
20-09-12-16-04-01,10:BD:18:C7:29:E0,27/70,-83,Unifi
20-09-12-16-04-01,A0:CF:5B:3E:17:50,31/70,-79,Unifi
20-09-12-16-04-01,A0:CF:5B:3F:69:30,33/70,-77,Unifi
20-09-12-16-04-01,10:BD:18:C7:27:50,36/70,-74,Unifi
20-09-12-16-04-01,10:BD:18:F0:CA:B0,41/70,-69,Unifi
20-09-12-16-04-01,10:BD:18:C7:27:5F,29/70,-81,Unifi
20-09-12-16-04-01,10:BD:18:F0:CA:BF,29/70,-81,Unifi
20-09-12-16-04-01,A0:CF:5B:3F:88:EF,28/70,-82,Unifi
20-09-12-16-04-01,10:BD:18:F0:C8:AF,31/70,-79,Unifi
20-09-12-16-04-01,A0:CF:5B:3D:83:7F,36/70,-74,Unifi
20-09-12-16-04-01,A0:CF:5B:3E:16:B0,29/70,-81,Unifi
20-09-12-16-04-01,A0:CF:5B:3D:83:70,29/70,-81,Unifi
20-09-12-16-04-01,A0:CF:5B:3D:7F:90,29/70,-81,Unifi
20-09-12-16-04-01,A0:CF:5B:3F:87:E0,33/70,-77,Unifi
20-09-12-16-04-11,A0:CF:5B:3D:5F:90,37/70,-73,Unifi
20-09-12-16-04-11,10:BD:18:C7:29:E0,27/70,-83,Unifi
20-09-12-16-04-11,A0:CF:5B:3E:17:50,31/70,-79,Unifi
20-09-12-16-04-11,A0:CF:5B:3F:69:30,34/70,-76,Unifi
20-09-12-16-04-11,10:BD:18:C7:27:50,39/70,-71,Unifi
20-09-12-16-04-11,10:BD:18:F0:CA:B0,41/70,-69,Unifi
20-09-12-16-04-11,10:BD:18:C7:27:5F,31/70,-79,Unifi
20-09-12-16-04-11,10:BD:18:F0:CA:BF,32/70,-78,Unifi
20-09-12-16-04-11,A0:CF:5B:3F:88:EF,28/70,-82,Unifi
20-09-12-16-04-11,10:BD:18:F0:C8:AF,24/70,-86,Unifi
20-09-12-16-04-11,A0:CF:5B:3E:16:B0,29/70,-81,Unifi
20-09-12-16-04-11,A0:CF:5B:3D:83:70,29/70,-81,Unifi
20-09-12-16-04-11,A0:CF:5B:3D:7F:90,29/70,-81,Unifi
20-09-12-16-04-11,A0:CF:5B:3F:87:E0,33/70,-77,Unifi
20-09-12-16-04-11,A0:CF:5B:3D:70:30,32/70,-78,Unifi
20-09-12-16-04-11,10:BD:18:C7:29:EF,28/70,-82,Unifi
20-09-12-16-04-26,A0:CF:5B:3E:17:50,26/70,-84,Unifi
20-09-12-16-04-26,A0:CF:5B:3F:69:30,31/70,-79,Unifi
20-09-12-16-04-26,10:BD:18:C7:27:50,30/70,-80,Unifi
20-09-12-16-04-26,10:BD:18:C7:27:5F,31/70,-79,Unifi
20-09-12-16-04-26,10:BD:18:F0:CA:BF,32/70,-78,Unifi
20-09-12-16-04-26,A0:CF:5B:3D:7F:90,29/70,-81,Unifi
20-09-12-16-04-26,A0:CF:5B:3F:87:E0,33/70,-77,Unifi
20-09-12-16-04-26,A0:CF:5B:3D:70:30,28/70,-82,Unifi
20-09-12-16-04-26,10:BD:18:C7:29:EF,28/70,-82,Unifi
20-09-12-16-04-35,A0:CF:5B:3E:17:50,24/70,-86,Unifi
20-09-12-16-04-35,A0:CF:5B:3F:69:30,26/70,-84,Unifi
20-09-12-16-04-35,10:BD:18:C7:27:50,30/70,-80,Unifi
20-09-12-16-04-35,A0:CF:5B:3D:70:30,28/70,-82,Unifi
20-09-12-16-04-35,A0:CF:5B:3E:16:B0,36/70,-74,Unifi
20-09-12-16-04-35,A0:CF:5B:3F:87:E0,35/70,-75,Unifi
20-09-12-16-04-35,A0:CF:5B:3E:17:5F,27/70,-83,Unifi
20-09-12-16-04-35,10:BD:18:F0:C8:AF,39/70,-71,Unifi
20-09-12-16-04-35,A0:CF:5B:3D:83:7F,29/70,-81,Unifi
20-09-12-16-04-57,A0:CF:5B:3E:17:50,24/70,-86,Unifi
20-09-12-16-04-57,A0:CF:5B:3F:69:30,33/70,-77,Unifi
20-09-12-16-04-57,A0:CF:5B:3F:87:E0,31/70,-79,Unifi
20-09-12-16-04-57,A0:CF:5B:3E:17:5F,27/70,-83,Unifi
20-09-12-16-04-57,A0:CF:5B:3D:83:7F,31/70,-79,Unifi
20-09-12-16-05-20,A0:CF:5B:3F:69:30,33/70,-77,Unifi
20-09-12-16-05-20,A0:CF:5B:3F:87:E0,28/70,-82,Unifi
20-09-12-16-05-20,A0:CF:5B:3D:7F:D0,33/70,-77,Unifi
20-09-12-16-05-20,A0:CF:5B:3D:83:70,31/70,-79,Unifi
20-09-12-16-05-20,A0:CF:5B:3D:7F:DF,27/70,-83,Unifi
20-09-12-16-05-20,70:DF:2F:9C:47:40,28/70,-82,Unifi
20-09-12-16-05-36,A0:CF:5B:3D:7F:D0,37/70,-73,Unifi
20-09-12-16-05-36,A0:CF:5B:3D:7F:DF,27/70,-83,Unifi
20-09-12-16-05-36,70:DF:2F:9C:47:40,31/70,-79,Unifi
20-09-12-16-05-36,10:BD:18:F0:C8:A0,30/70,-80,Unifi
20-09-12-16-05-36,A0:CF:5B:3F:88:EF,25/70,-85,Unifi
20-09-12-16-05-48,A0:CF:5B:3D:7F:D0,37/70,-73,Unifi
20-09-12-16-05-48,A0:CF:5B:3D:7F:DF,27/70,-83,Unifi
20-09-12-16-05-48,70:DF:2F:9C:47:40,31/70,-79,Unifi
20-09-12-16-05-48,10:BD:18:F0:C8:A0,30/70,-80,Unifi
20-09-12-16-05-48,A0:CF:5B:3F:88:EF,28/70,-82,Unifi
20-09-12-16-05-48,10:BD:18:C7:29:EF,28/70,-82,Unifi
20-09-12-16-05-48,10:BD:18:F0:CA:BF,25/70,-85,Unifi
20-09-12-16-05-48,70:DF:2F:9C:47:4F,28/70,-82,Unifi
20-09-12-16-06-01,A0:CF:5B:3D:7F:D0,28/70,-82,Unifi
20-09-12-16-06-01,70:DF:2F:9C:47:40,31/70,-79,Unifi
20-09-12-16-06-01,10:BD:18:F0:C8:A0,30/70,-80,Unifi
20-09-12-16-06-01,A0:CF:5B:3F:88:EF,29/70,-81,Unifi
20-09-12-16-06-01,10:BD:18:C7:29:EF,28/70,-82,Unifi
20-09-12-16-06-01,10:BD:18:F0:CA:BF,25/70,-85,Unifi
20-09-12-16-06-01,70:DF:2F:9C:47:4F,27/70,-83,Unifi
20-09-12-16-06-01,A0:CF:5B:3E:17:50,26/70,-84,Unifi
20-09-12-16-06-01,A0:CF:5B:3E:17:5F,26/70,-84,Unifi
20-09-12-16-06-01,10:BD:18:C7:27:5F,27/70,-83,Unifi
20-09-12-16-06-10,A0:CF:5B:3D:7F:D0,27/70,-83,Unifi
20-09-12-16-06-10,10:BD:18:F0:C8:A0,30/70,-80,Unifi
20-09-12-16-06-10,A0:CF:5B:3F:88:EF,22/70,-88,Unifi
20-09-12-16-06-10,10:BD:18:C7:29:EF,28/70,-82,Unifi
20-09-12-16-06-10,10:BD:18:F0:CA:BF,25/70,-85,Unifi
20-09-12-16-06-10,70:DF:2F:9C:47:4F,27/70,-83,Unifi
20-09-12-16-06-10,A0:CF:5B:3E:17:50,26/70,-84,Unifi
20-09-12-16-06-10,A0:CF:5B:3E:17:5F,26/70,-84,Unifi
20-09-12-16-06-10,10:BD:18:C7:27:5F,27/70,-83,Unifi
20-09-12-16-06-22,A0:CF:5B:3D:7F:D0,27/70,-83,Unifi
20-09-12-16-06-22,A0:CF:5B:3F:88:EF,24/70,-86,Unifi
20-09-12-16-06-22,70:DF:2F:9C:47:4F,27/70,-83,Unifi
20-09-12-16-06-22,A0:CF:5B:3E:17:50,26/70,-84,Unifi
20-09-12-16-06-22,A0:CF:5B:3E:17:5F,26/70,-84,Unifi
20-09-12-16-06-22,10:BD:18:C7:27:5F,27/70,-83,Unifi
20-09-12-16-06-22,70:DF:2F:9C:47:40,33/70,-77,Unifi
20-09-12-16-06-22,A0:CF:5B:3D:83:70,35/70,-75,Unifi
20-09-12-16-06-35,A0:CF:5B:3D:7F:D0,27/70,-83,Unifi
20-09-12-16-06-35,A0:CF:5B:3F:88:EF,24/70,-86,Unifi
20-09-12-16-06-35,70:DF:2F:9C:47:4F,35/70,-75,Unifi
20-09-12-16-06-35,70:DF:2F:9C:47:40,31/70,-79,Unifi
20-09-12-16-06-52,A0:CF:5B:3F:88:EF,29/70,-81,Unifi
20-09-12-16-06-52,70:DF:2F:9C:47:4F,30/70,-80,Unifi
20-09-12-16-06-52,70:DF:2F:9C:47:40,31/70,-79,Unifi
20-09-12-16-06-52,10:BD:18:F0:C8:A0,40/70,-70,Unifi
20-09-12-16-06-52,A0:CF:5B:3D:7F:D0,31/70,-79,Unifi
20-09-12-16-06-52,A0:CF:5B:3D:83:70,34/70,-76,Unifi
20-09-12-16-06-52,10:BD:18:F0:C8:AF,36/70,-74,Unifi
20-09-12-16-07-07,A0:CF:5B:3F:88:EF,28/70,-82,Unifi
20-09-12-16-07-07,70:DF:2F:9C:47:4F,37/70,-73,Unifi
20-09-12-16-07-07,10:BD:18:F0:C8:A0,37/70,-73,Unifi
20-09-12-16-07-07,A0:CF:5B:3D:7F:D0,31/70,-79,Unifi
20-09-12-16-07-07,A0:CF:5B:3D:83:70,28/70,-82,Unifi
20-09-12-16-07-07,10:BD:18:F0:C8:AF,36/70,-74,Unifi
20-09-12-16-07-07,A0:CF:5B:3D:82:70,33/70,-77,Unifi
20-09-12-16-07-07,A0:CF:5B:3E:17:50,27/70,-83,Unifi
20-09-12-16-07-07,A0:CF:5B:3F:88:E0,29/70,-81,Unifi
20-09-12-16-07-07,A0:CF:5B:3D:83:7F,31/70,-79,Unifi
20-09-12-16-07-17,A0:CF:5B:3F:88:EF,28/70,-82,Unifi
20-09-12-16-07-17,70:DF:2F:9C:47:4F,23/70,-87,Unifi
20-09-12-16-07-17,10:BD:18:F0:C8:A0,37/70,-73,Unifi
20-09-12-16-07-17,A0:CF:5B:3D:7F:D0,31/70,-79,Unifi
20-09-12-16-07-17,A0:CF:5B:3D:83:70,28/70,-82,Unifi
20-09-12-16-07-17,10:BD:18:F0:C8:AF,36/70,-74,Unifi
20-09-12-16-07-17,A0:CF:5B:3D:82:70,33/70,-77,Unifi
20-09-12-16-07-17,A0:CF:5B:3E:17:50,27/70,-83,Unifi
20-09-12-16-07-17,A0:CF:5B:3F:88:E0,29/70,-81,Unifi
20-09-12-16-07-17,A0:CF:5B:3D:83:7F,26/70,-84,Unifi
20-09-12-16-07-17,10:BD:18:F0:CA:BF,31/70,-79,Unifi
